phase,title,distributor,genre,franchise,release_date,week,rt,est_m (box office projection $M),IPO base_price ($M, stored),IPO implied by est ($M),result actual_m ($M),live price ($M),note
Historical,The Death of Robin Hood,A24,Action,,2026-06-19,1,68,7,12,12,2.87,4,
Historical,Rose of Nevada,1-2 Special,Drama,,2026-06-19,1,100,1,7,7,,9,
Historical,The Invite,A24,Comedy,,2026-06-26,2,96,2,8,8,5.93,20,
Historical,Couture,Vertical Entertainment,Drama,,2026-06-26,1,59,2,8,8,,9,
Historical,Moana,Walt Disney Studios Motion Pictures,Action,,2026-07-10,3,32,70,50,50,43.14,30,
Historical,Evil Dead Burn,Warner Bros.,Adventure,,2026-07-10,3,71,20,21,21,13.7,14,
Historical,The Odyssey,Universal Pictures,Adventure,,2026-07-17,4,94,120,77,77,123.5,104,
Historical,Pinocchio: Unstrung,Independent,Drama,,2026-07-24,5,76,1.5,8,8,0.39,2,
Historical,Motor City,Stampede Ventures,Drama,,2026-07-24,5,63,6,11,11,1.69,2,
Historical,Spider-Man: Brand New Day,Sony Pictures Releasing,Action,,2026-07-31,6,89,175,104,104,360.09,209,
Historical,One Night Only,Universal Pictures,Comedy,,2026-08-07,7,44,8,13,13,5.51,7,
Historical,Tony,A24,Drama,,2026-08-07,7,93,4,10,10,4.95,12,
Historical,Super Troopers 3,Broken Lizard Industries,Comedy,,2026-08-07,7,51,8,13,13,4,5,
Historical,Ice Cream Man,Doublesteen Productions,Horror,,2026-08-07,7,26,4,10,10,2.12,4,
Historical,The Wrong Girls,Nevermind,Drama,,2026-08-14,8,61,3.5,9,9,,8,
Historical,The End of Oak Street,Warner Bros.,Action,,2026-08-14,8,86,20,21,21,21.01,22,
Historical,PAW Patrol: The Dino Movie,Spin Master,Animation,,2026-08-14,8,81,20,21,21,20.25,22,
Historical,The Magic Faraway Tree,Neal Street Productions,Adventure,,2026-08-21,1,80,8,13,13,1.35,3,
Historical,Hot Spot,Orion Pictures,Thriller,,2026-08-21,9,18,2.5,9,9,,6,
Historical,Insidious: Out of the Further,Blumhouse Productions,Horror,,2026-08-21,9,57,22,22,22,25.11,24,
Historical,Spa Weekend,Suzanne Todd Productions,Comedy,,2026-08-21,9,34,10,14,14,3.08,3,
Historical,Mutiny,Punch Palace Productions,Action,,2026-08-21,9,50,16,18,18,7.71,8,
Historical,Buddy,Roadside Attractions / Saban Films,Horror,,2026-08-28,10,88,2,8,8,5.53,17,
Historical,Finding Emily,Focus Features,Comedy,,2026-08-28,10,89,2,8,8,,7,
Historical,The Dog Stars,20th Century Studios,Action,,2026-08-28,10,40,18,20,20,7.71,9,
Historical,Coyote vs. Acme,Warner Bros.,Comedy,,2026-08-28,10,96,12,16,16,15.91,23,
Historical,Fall 2,Lionsgate,Adventure,,2026-09-02,10,50,3,9,9,,7,
Historical,Tom and Jerry: Forbidden Compass,Viva Pictures,Adventure,,2026-09-04,11,,3,9,9,,8,
Historical,Pressure,Focus Features,Drama,,2026-09-04,11,87,5,11,11,8.2,20,
Historical,By Any Means,Paramount Pictures,Action,,2026-09-04,11,53,12,16,16,,13,
Historical,Cocoon: One Summer of Girlhood,GKIDS,Animation,,2026-09-04,1,,0.6,7,7,,8,
Historical,Onslaught,A24,Action,,2026-09-04,11,57,9,14,14,,12,
Historical,The Samurai and the Prisoner,Janus Films,Drama,,,6,,1,7,7,,6,
Historical,Scary Movie,Paramount Pictures,Comedy,,,1,,45,36,36,54.4,37,
Historical,Is God Is,Amazon MGM Studios,Drama,,,1,,4,10,10,2.2,4,
Historical,Jackass: Best and Last,Paramount Pictures,Drama,,,1,,15,18,18,8.5,8,
Historical,Obsession,Focus Features,Horror,,,1,,8.5,13,13,17.2,46,
Historical,Toy Story 5,Walt Disney Studios Motion Pictures,Adventure,,,1,,165,99,99,159.7,96,
Historical,Passenger,Paramount Pictures,Horror,,,1,,8.5,13,13,8.8,11,
Historical,The Breadwinner,Sony Pictures Releasing,Comedy,,,1,,7,12,12,7.3,12,
Historical,Power Ballad,Lionsgate,Comedy,,,1,,7,12,12,1.3,3,
Historical,In the Grey,Black Bear Pictures,Action,,,1,,5.5,11,11,2.9,4,
Historical,Hokum,Neon,Horror,,,1,,4,10,10,6.4,16,
Historical,Backrooms,A24,Horror,,,1,,20,21,21,81.4,39,
Historical,Disclosure Day,Universal Pictures,Drama,,,1,,45,36,36,44.5,34,
Historical,Supergirl,Warner Bros.,Action,,,1,,45,36,36,37.1,28,
Historical,Star Wars: The Mandalorian and Grogu,Walt Disney Studios Motion Pictures,Action,,,1,,87.5,60,60,81.7,49,
Historical,The Wizard of the Kremlin,Vertical Entertainment,Drama,,,1,,0.5,7,7,0.5,7,
Historical,Thrash,Sony Pictures Releasing,Horror,,,2,,6,11,11,,12,
Historical,The Get Out,Vertical Entertainment,Action,,,1,,2,8,8,,9,
Historical,The Sheep Detectives,Amazon MGM Studios,Action,,,1,,15,18,18,15,23,
Historical,Young Washington,Angel Studios,Action,,,2,,12,16,16,19.4,26,
Historical,Tuner,Black Bear Pictures,Drama,,,1,,2,8,8,1.7,6,
Historical,Mortal Kombat II,Warner Bros.,Action,,,1,,55,42,42,38.5,25,
Historical,Animal Farm,Angel Studios,Adventure,,,1,,5,11,11,3.3,6,
Historical,Bad Counselors,Loam Entertainment,Drama,,,5,,4,10,10,,10,
Historical,Deep Water,Magenta Light Studios,Action,,,1,,2.5,9,9,2.1,7,
Historical,Masters of the Universe,Sony Pictures Releasing,Action,,,1,,30,27,27,29.4,26,
Historical,Leviticus,Neon,Horror,,,1,,2.5,9,9,2.6,9,
Historical,Girls Like Girls,Focus Features,Drama,,,1,,1,7,7,1.5,11,
Historical,Teenage Sex and Death at Camp Miasma,MUBI,Horror,,,7,,0.2,7,7,,6,
Historical,Union County,Seaview Productions,Drama,,,8,,0.3,7,7,,6,
Historical,Olmo,Plan B Entertainment,Comedy,,,7,,0.5,7,7,,6,
Historical,Idiots,Vidhu Vinod Chopra Productions,Comedy,,,10,,1.5,8,8,,7,
Historical,I Want Your Sex,Black Bear Pictures,Comedy,,,6,,1.5,8,8,,7,
Historical,Minions & Monsters,Universal Pictures,Adventure,,,1,,70,50,50,37,23,
Historical,Her Private Hell,Neon,Thriller,,,5,,2,8,8,,8,
Historical,The Devil Wears Prada 2,Walt Disney Studios Motion Pictures,Comedy,,,1,,87.5,60,60,76.7,53,
Historical,Gail Daughtry and the Celebrity Sex Pass,Sony Pictures Classics,Comedy,,,3,,3,9,9,,9,
Phase 1 (Autumn),Hope,Neon,Drama,,2026-09-09,1,,2,8,8,,9,
Phase 1 (Autumn),The Fix,Crave Pictures,Drama,,2026-09-11,1,,2,8,8,,9,
Phase 1 (Autumn),Practical Magic 2,Warner Bros.,Comedy,,2026-09-11,1,,40,33,33,,36,
Phase 1 (Autumn),Runner,Ingenious Media,Drama,,2026-09-11,1,,4.7,10,10,,11,
Phase 1 (Autumn),The Uprising,Focus Features,Action,,2026-09-11,1,,8,13,13,,15,
Phase 1 (Autumn),Bad Apples,Republic Pictures,Comedy,,2026-09-18,2,,4,10,10,,11,
Phase 1 (Autumn),The Weight,Vertical Entertainment,Action,,2026-09-18,2,,4.5,10,10,,11,
Phase 1 (Autumn),Shaun the Sheep: The Beast of Mossy Bottom,GKIDS,Animation,,2026-09-18,2,,3,9,9,,10,
Phase 1 (Autumn),Resident Evil,Columbia Pictures,Action,,2026-09-18,2,,40,33,33,,35,
Phase 1 (Autumn),Bedford Park,Sony Pictures Classics,Drama,,2026-09-22,3,,1,7,7,,7,
Phase 1 (Autumn),Heart of the Beast,Paramount Pictures,Action,,2026-09-25,3,,20,21,21,,22,
Phase 1 (Autumn),Forgotten Island,DreamWorks,Action,,2026-09-25,3,,25,24,24,,25,
Phase 1 (Autumn),"Your Mother, Your Mother, Your Mother",Amazon MGM Studios,Comedy,,2026-09-25,3,,3,9,9,,9,
Phase 1 (Autumn),Charlie Harper,Temple Hill Entertainment,Comedy,,2026-09-25,3,,2,8,8,,8,
Phase 1 (Autumn),Primetime,A24,Drama,,2026-09-25,3,,12,16,16,,16,
Phase 1 (Autumn),Rolling Loud,American High,Comedy,,2026-10-01,4,,3,9,9,,9,
Phase 1 (Autumn),Verity,Amazon MGM Studios,Thriller,,2026-10-02,4,,32,29,29,,29,
Phase 1 (Autumn),Digger,Warner Bros.,Comedy,,2026-10-02,4,,10.2,14,14,,14,
Phase 1 (Autumn),She Saw Us,Liv Movies,Drama,,2026-10-05,5,,0.5,7,7,,7,
Phase 1 (Autumn),The Legend of Aang: The Last Airbender,Paramount Pictures,Action,,2026-10-09,5,,35,30,30,,29,inactive
Phase 1 (Autumn),Tenzing,Apple Original Films,Adventure,,2026-10-09,5,,2.5,9,9,,9,
Phase 1 (Autumn),The Social Reckoning,Columbia Pictures,Drama,,2026-10-09,5,,15,18,18,,17,
Phase 1 (Autumn),Fjord,Mobra Films,Drama,,2026-10-09,5,,1,7,7,,7,
Phase 1 (Autumn),Other Mommy,Universal Pictures,Horror,,2026-10-09,5,,17.2,19,19,,18,
Phase 1 (Autumn),Misty Green,A24,Drama,,2026-10-09,5,,2,8,8,,8,
Phase 1 (Autumn),Poetic License,Row K Entertainment,Comedy,,2026-10-12,6,,1,7,7,,6,
Phase 1 (Autumn),California Schemin',Magenta Light Studios,Drama,,2026-10-16,6,,2,8,8,,7,
Phase 1 (Autumn),Sense and Sensibility,Focus Features,Drama,,2026-10-16,6,,6,11,11,,10,
Phase 1 (Autumn),Once Upon a Time in Harlem,Neon,Drama,,2026-10-16,6,,2,8,8,,7,
Phase 1 (Autumn),Whalefall,20th Century Studios,Adventure,,2026-10-16,6,,9.5,14,14,,13,
Phase 1 (Autumn),Flywheel: Ignition of the Soul,Sony Pictures Releasing,Drama,,2026-10-16,6,,3,9,9,,8,
Phase 1 (Autumn),Crawlers,Production I.G,Drama,,2026-10-16,6,,3,9,9,,8,
Phase 1 (Autumn),Street Fighter,Paramount Pictures,Action,,2026-10-16,6,,26,25,25,,23,
Phase 1 (Autumn),"Trust Me, I'm a Doctor",Briarcliff Entertainment,Thriller,,2026-10-16,6,,3.5,9,9,,8,
Phase 1 (Autumn),A Talent for Murder,Bleecker Street,Thriller,,2026-10-23,7,,3.5,9,9,,8,
Phase 1 (Autumn),Ali G: Who Iz I?,Amazon MGM Studios,Comedy,,2026-10-23,7,,9.5,14,14,,12,
Phase 1 (Autumn),Wildwood,LAIKA,Animation,,2026-10-23,7,,11,15,15,,13,
Phase 1 (Autumn),Klara and the Sun,Sony Pictures Releasing,Drama,,2026-10-23,7,,10,14,14,,12,
Phase 1 (Autumn),Wicker,Black Bear Pictures,Drama,,2026-10-23,7,,2,8,8,,7,
Phase 1 (Autumn),Fatherland,MUBI,Drama,,2026-10-23,7,,1,7,7,,6,
Phase 1 (Autumn),Clayface,Warner Bros.,Horror,,2026-10-23,7,,24.6,24,24,,20,
Phase 1 (Autumn),The Only Living Pickpocket in New York,Sony Pictures Classics,Comedy,,2026-10-23,7,,2,8,8,,7,
Phase 1 (Autumn),Christmas at the Kringles,Stoked Film Group,Drama,,2026-10-30,8,,3,9,9,,8,
Phase 1 (Autumn),Godzilla Minus Zero,GKIDS,Action,,2026-11-06,9,,15,18,18,,15,
Phase 1 (Autumn),The Cat in the Hat,Warner Bros.,Adventure,,2026-11-06,9,,38,32,32,,27,
Phase 1 (Autumn),Club Kid,A24,Drama,,2026-11-06,9,,2,8,8,,7,
Phase 1 (Autumn),Wild Horse Nine,Searchlight Pictures,Comedy,,2026-11-06,9,,4,10,10,,9,
Phase 1 (Autumn),I Play Rocky,Eden Rock Media,Drama,,2026-11-06,9,,3,9,9,,8,
Phase 1 (Autumn),Jimmy,Burns & Co.,Drama,,2026-11-06,9,,2,8,8,,7,
Phase 1 (Autumn),Ghost Soldier,Sony Pictures Releasing,Action,,2026-11-06,9,,8.5,13,13,,11,
Phase 1 (Autumn),Ramayana: Part 1,NYVE / Prime Focus,Adventure,,2026-11-06,9,,11.4,15,15,,13,
Phase 1 (Autumn),Drummer Boy,Angel Studios,Drama,,2026-11-06,9,,6,11,11,,9,
Phase 1 (Autumn),The Great Beyond,Warner Bros.,Drama,,2026-11-09,10,,8,13,13,,11,
Phase 1 (Autumn),Ebenezer: A Christmas Carol,Paramount Pictures,Drama,,2026-11-13,10,,6,11,11,,9,
Phase 1 (Autumn),Victorian Psycho,Bleecker Street,Drama,,2026-11-13,10,,3,9,9,,8,
Phase 1 (Autumn),Paper Tiger,Neon,Thriller,,2026-11-13,10,,3.5,9,9,,8,
Phase 1 (Autumn),Bitter Christmas,Sony Pictures Classics,Comedy,,2026-11-13,10,,2,8,8,,7,
Phase 1 (Autumn),How to Rob a Bank,87North Productions,Action,,2026-11-13,10,,20,21,21,,18,
Phase 1 (Autumn),Minotaur,MUBI,Thriller,,2026-11-20,11,,1.5,8,8,,7,
Phase 1 (Autumn),Elsinore,Focus Features,Drama,,2026-11-20,11,,3,9,9,,8,
Phase 1 (Autumn),November 1963,Ketchup Entertainment,Drama,,2026-11-20,11,,5,11,11,,9,
Phase 1 (Autumn),The Hunger Games: Sunrise on the Reaping,Lionsgate,Action,,2026-11-20,11,,88,60,60,,51,
Phase 1 (Autumn),All of a Sudden,Neon,Drama,,2026-11-25,12,,2,8,8,,7,
Phase 1 (Autumn),The Adventures of Cliff Booth,Netflix,Comedy,,2026-11-25,12,,3,9,9,,8,
Phase 1 (Autumn),Hexed,Walt Disney Studios Motion Pictures,Adventure,,2026-11-25,12,,41,34,34,,29,
Phase 1 (Autumn),Focker-in-Law,Paramount Pictures,Comedy,,2026-11-25,12,,22,22,22,,19,
Phase 1 (Autumn),Hershey,Angel Studios,Drama,,2026-11-26,12,,5,11,11,,9,
Phase 2 (Awards/Holiday),Behemoth!,Searchlight Pictures,Horror,,2026-12-04,13,,3.5,9,9,,8,
Phase 2 (Awards/Holiday),Violent Night 2,Universal Pictures,Action,,2026-12-04,13,,18.6,20,20,,17,
Phase 2 (Awards/Holiday),The Debut,A24,Drama,,2026-12-11,14,,2,8,8,,7,
Phase 2 (Awards/Holiday),Clarissa,Neon,Drama,,2026-12-11,14,,1,7,7,,6,
Phase 2 (Awards/Holiday),Avengers: Doomsday,Walt Disney Studios Motion Pictures,Action,,2026-12-18,15,,280,105,105,,89,
Phase 2 (Awards/Holiday),Dune: Part Three,Legendary Pictures,Action,,2026-12-18,15,,115,74,74,,63,
Phase 2 (Awards/Holiday),A Place in Hell,Neon,Drama,,2026-12-21,16,,2,8,8,,7,
Phase 2 (Awards/Holiday),The Angry Birds Movie 3,Paramount Pictures,Action,,2026-12-23,16,,13.6,17,17,,14,
Phase 2 (Awards/Holiday),Mr. Irrelevant,Paramount Pictures,Drama,,2026-12-25,16,,10,14,14,,12,
Phase 2 (Awards/Holiday),Coward,MUBI,Drama,,2026-12-25,16,,1,7,7,,6,
Phase 2 (Awards/Holiday),Jumanji: Open World,Sony Pictures Releasing,Action,,2026-12-25,16,,55,42,42,,36,
Phase 2 (Awards/Holiday),Werwulf,Focus Features,Horror,,2026-12-25,16,,20.5,21,21,,18,
Phase 2 (Awards/Holiday),Pendulum,Vertical Entertainment,Thriller,,2027-01-01,17,,4.5,10,10,,9,
Phase 2 (Awards/Holiday),The Beekeeper 2,Amazon MGM Studios,Action,,2027-01-15,19,,29.1,27,27,,23,
Phase 2 (Awards/Holiday),Children of Blood and Bone,Paramount Pictures,Adventure,,2027-01-15,19,,30,27,27,,23,
Phase 2 (Awards/Holiday),The Third Parent,Bleecker Street,Thriller,,2027-01-22,20,,7.5,13,13,,11,
Phase 2 (Awards/Holiday),Animal Friends,Warner Bros.,Comedy,,2027-01-22,20,,28.2,26,26,,22,
Phase 2 (Awards/Holiday),The Rescue,Paramount Pictures,Action,,2027-01-29,21,,10,14,14,,12,
Phase 2 (Awards/Holiday),Karoshi,Lionsgate,Thriller,,2027-01-29,21,,10.5,15,15,,13,
Phase 3 (Spring),Wife and Dog,Black Bear Pictures,Thriller,,2027-02-19,24,,2.5,9,9,,8,
Phase 3 (Spring),Cliffhanger,Neon,Action,,2027-02-24,25,,14.1,17,17,,14,